alpha;name;date_certified
ANTI;Antietam National Battlefield;August 30, 2013
APIS;Apostle Islands National Lakeshore;March 2008
ARHO;Arlington House, Robert E Lee Memorial;2012
BAND;Bandelier National Monument;2008
BIHO;Big Hole National Battlefield;January, 2011
BOHA;Boston Harbor Island National Recreation Area;January, 2011
CABR;Cabrillo National Monument;
CACO;Cape Cod National Seashore;April 28, 2011
CAMO;Catoctin Mountain Park;March 21, 2013
CAWO;Carter G. Woodson National Historic Site;2011
CHIS;Channel Islands National Park;January 24, 2011
CHOH;C&O Canal National Historic Park;2012
CIRO;City of Rocks National Reserve;January 12, 2011
CLBA;Clara Barton National Historic Site;2012
COGA;Constitution Gardens;2011
CRLA;Crater Lake National Park;January 24, 2011
CRMO;Craters of the Moon National Monument and Preserve;January 24, 2011
CUVA;Cuyahoga Valley National Park;November 15, 2013
DEP);Devils Postpile National Monument;October 29, 2010
DEVA;Death Valley National Park;October 29, 2010
DEWA;Delaware Water Gap National Recreation Area;2006
EUON;Eugene O'Neil National Historic Site;March 11, 2010
EVER;Everglades National Park;June 2005
FIIS;Fire Island National Seashore;2008
FOCL;Lewis and Clark National Historic Park;January 12, 2011
FOPO;Fort Point National Historic Site;December 2008
FOTH;Ford's Theatre National Historic Site;2011
FOVA;Fort Vancouver National Historic Site;October 29, 2010
FOWA;Fort Washington Park;2011
FRDE;Franklin Delano Roosevelt Memorial;2011
FRDO;Frederick Douglass National Historic Site;2011
GATE;Gateway National Recreation Area;June 2003
GLAC;Glacier National Park;March 2006
GLBA;Glacier Bay National Park and Preserve;2006
GOGA;Golden Gate National Recreation Area;December 2008
GRBA;Great Basin National Park;January 12, 2011
GRCA;Grand Canyon National Park;November 1, 2010
GREE;Greenbelt Park;2011
GRSM;Great Smoky Mountains National Park;October 2011
GWMP;George Washington Memorial Parkway;2012
HAFE;Harpers Ferry National Historic Park;2011
HALE;Haleakala National Park;2010
HAVO;Hawaii Volcanoes National Park;February 2007
INDU;Indiana Dunes National Lakeshore;January 15, 2013
JECA;Jewel Cave National Monument;February 19, 2013
JODA;John Day Fossil Beds National Monument;2010
JOMU;John Muir National Historic Site;August 11, 2010
JOTR;Joshua Tree National Park;August 11, 2010
KALA;Kalaupapa National Historic Park;January 12, 2011
KEFJ;Kenai Fjords National Park;December 2010
KLGO;Klondike Gold Rush National Historic Park;January 24, 2011
KOWA;Korean War Veterans Memorial;2011
LABE;Lava Beds National Monument;January 24, 2011
LACH;Lake Chelan National Recreation Area;
LAME;Lake Mead National Recreation Area;July 1, 2010
LARO;Lake Roosevelt National Recreation Area;March 23, 2011
LAVO;Lassen Volcanic National Park;March 23, 2011
LIME;Lincoln Memorial;2011
MABI;Marsh-Billings Rockefeller National Historic Park;March 27, 2009
MANA;Manassas National Battlefield Park;September 13, 2013
MANZ;Manzanar National Historic Site;August 11, 2010
MAWA;Maggie L Walker National Historic Site;February 2014
MIIN;Minidoka National Historic Site;
MMBC;Mary McLeod Bethune House National Historic Site;2011
MOJA;Mojave National Preserve;8/11/10
MONO;Monocacy National Battlefield;November 3, 2013
MORA;Mount Rainier National Park;March 2009
MUWO;Muir Woods National Monument;December 2008
NACE;National Capital Parks-East;2011
NAMA;National Mall;2011
NAWO;National World War II Memorial;2011
NEPE;Nez Perce National Historical Site;August 11, 2010
NERI;New River Gorge National River;April 7, 2010
NOCA;North Cascades National Park Service Complex;2010
OLYM;Olympic National Park;2009
ORCA;Oregon Caves National Monument;January 24, 2011
PAAV;Pennsylvania Avenue National Historic Site;2011
PARA;Grand Canyon - Parashant;August 11, 2010
PINN;Pinnacles National Monument;August 11, 2010
PIRO;Pictured Rocks National Lakeshore 
PISC;Piscataway Park;2011
POHE;Potomac Heritage National Scenic Trail;2011
PORE;Point Reyes National Seashore;August 12, 2010
PRWI;Prince William Forest Park;May 18, 2012
PUHE;Puukohola Heiau National Historic Park;January 24, 2011
REDW;Redwood National Park;March 23, 2011
RICH;Richmond National Battlefield Park;February 2014
ROCR;Rock Creek Park;2012
ROLA;Ross Lake National Recreation Area;2009
ROMO;Rocky Mountain National Park;September 2007
SAAN;San Antonio Missions National Historic Park;January 16, 2013
SAFR;San Francisco Maritime National Historic Park;August 11, 2010
SAJH;San Juan Island National Historic Park;January 24, 2011
SAMO;Santa Monica Mountains National Recreation Area;July 26, 2010
SCBL;Scotts Bluff National Monument;July 3, 2013
SEKI;Sequoia and Kings Canyon National Park;2007
SUCR;Sunset Crater Volcano National Monument;July 24, 2010
THIS;Theodore Roosevelt Island;2012
THJE;Thomas Jefferson Memorial;2011
VALR;World War II Valor in the Pacific National Monument;January 12, 2011
VIVE;Vietnam Veterans Memorial;2011
WACA;Walnut Canyon National Monument;July 24, 2012
WAMO;Washington Monument;2011
WHIS;Whiskeytown National Recreation Area;January 24, 2011
WHMI;Whitman Mission National Historic Site;August 11, 2010
WOTR;Wolf Trap National Park for the Performing Arts;2011
WUPA;Wupatki National Memorial;July 24, 2012
YELL;Yellowstone National Park;April 2014
YOSE;Yosemite National Park;2006
ZION;Zion National Park;March 2005
